{
  "name": "DN Mobility Dev",
  "image": "mcr.microsoft.com/devcontainers/typescript-node:20",
  "features": {
    "ghcr.io/devcontainers/features/node:1": { "version": "20" }
  },
  "customizations": {
    "vscode": { "extensions": ["Prisma.prisma","esbenp.prettier-vscode","dbaeumer.vscode-eslint"] }
  },
  "postCreateCommand": "npm ci && npx prisma generate",
  "forwardPorts": [3000],
  "portsAttributes": { "3000": { "label": "Web", "onAutoForward": "openBrowser" } },
  "remoteUser": "node"
}
